theta1,theta2,theta3,L1,L2,L3,roll,pitch,yaw
0,0,0,0.05124837953326988,0.05124837953326988,0.05124837953326988,2.69,3.53,-0.09
133,143,62,18.251474735072684,18.775073510670985,14.37997179924686,1.90,4.97,-0.05
129,100,108,18.042035224833366,16.5235987755983,16.942477796076936,-4.54,5.99,0.27
152,56,56,19.246312408709453,13.617072883547621,13.617072883547621,-3.74,-0.61,0.02
119,111,151,17.518436449235068,17.099557428756427,19.193952531149623,-6.89,7.99,0.59
43,105,108,11.477693490231381,16.78539816339745,16.942477796076936,-2.96,12.67,0.32
193,130,166,21.39306738866248,18.094395102393197,19.979350694547072,-5.60,16.83,0.87
169,132,117,20.136430327226563,18.199114857512857,17.413716694115408,-2.58,3.18,0.28
47,172,68,12.205766788797881,20.293509959906054,14.997923866109716,3.91,10.37,-0.25
180,23,149,20.712388980384688,6.946672270512806,19.089232776029963,-19.83,-3.22,-0.52
192,164,169,21.34070751110265,19.874630939427412,20.136430327226563,-7.14,4.15,0.58
151,27,190,19.193952531149623,7.9679225600762535,21.23598775598299,-20.04,0.10,0.41
24,35,120,7.207196026308502,9.840195070521261,17.570796326794895,-12.30,9.88,1.11
144,110,62,18.827433388230816,17.047197551196597,14.37997179924686,0.18,1.52,0.17
84,163,101,15.925247774155828,19.822271061867582,16.57595865315813,0.21,7.71,0.28
110,36,76,17.047197551196597,10.057903322897012,15.59343906930571,-9.19,0.38,0.30
31,129,197,8.932839602563512,18.042035224833366,21.602506898901797,2.09,14.49,-0.10
75,91,190,15.53337271280406,16.05235987755983,21.23598775598299,-1.67,7.81,0.34
144,134,25,18.827433388230816,18.303834612632514,7.4642593033726214,10.11,-4.36,1.10
29,30,127,8.457501307691139,8.696960070847283,17.937315469713706,-13.87,10.26,1.66
126,143,134,17.884955592153876,18.775073510670985,18.303834612632514,-4.13,7.74,0.76
104,160,149,16.73303828583762,19.66519142918809,19.089232776029963,-4.34,10.23,0.96
20,56,132,6.144548009571466,13.617072883547621,18.199114857512857,-8.55,15.36,1.34
172,13,90,20.293509959906054,4.155840641977967,16.0,-18.79,-7.69,-1.42
109,119,5,16.994837673636766,17.518436449235068,1.69070672919662,18.55,-9.86,2.86
95,49,127,16.26179938779915,12.546720267483146,17.937315469713706,-10.58,3.12,1.22
119,97,24,17.518436449235068,16.366519142918808,7.207196026308502,7.74,-6.04,1.51
196,49,156,21.550147021341967,12.546720267483146,19.45575191894877,-13.37,3.63,1.43
184,93,45,20.92182849062401,16.15707963267949,11.849387132784805,0.82,-1.59,0.89
7,106,109,2.3255854780996543,16.83775804095728,16.994837673636766,-2.72,25.02,0.71
154,152,65,19.351032163829114,19.246312408709453,14.707184626965642,1.61,2.25,0.95
183,138,1,20.86946861306418,18.513274122871834,0.385004883279187,20.02,-11.65,3.85
90,130,137,16.0,18.094395102393197,18.460914245312004,-5.44,7.86,1.53
195,56,163,21.49778714378214,13.617072883547621,19.822271061867582,-12.43,7.19,1.97
11,27,42,3.55835397504017,7.9679225600762535,11.28614033248413,-5.41,13.70,1.05
106,168,12,16.83775804095728,20.084070449666733,3.8586926565269692,21.00,-1.51,1.75
1,110,80,0.385004883279187,17.047197551196597,15.79244135387939,1.57,24.70,0.24
58,171,131,13.887353348741506,20.24115008234622,18.146754979953023,2.09,18.53,0.78
14,47,164,4.449773801476823,12.205766788797881,19.874630939427412,-11.91,23.88,2.65
197,25,38,21.602506898901797,7.4642593033726214,10.482241390103653,-4.28,12.63,1.32
131,18,87,18.146754979953023,5.5928861093607765,15.981308661506603,-16.14,-2.45,0.90
151,187,113,19.193952531149623,21.0789081233035,17.204277183876087,-18.62,-3.28,0.71
179,195,150,20.66002910282486,21.49778714378214,19.141592653589793,-22.52,-4.21,0.31
150,113,162,19.141592653589793,17.204277183876087,19.76991118430775,-9.95,4.12,1.72
134,73,147,18.303834612632514,15.400892767899983,18.984513020910303,-10.64,3.41,1.62
121,30,140,17.62315620435473,8.696960070847283,18.617993877991495,-17.08,0.37,1.31
157,78,126,19.5081117965086,15.701201093766748,17.884955592153876,-8.50,0.91,1.32
103,197,8,16.68067840827779,21.602506898901797,2.638439589399816,13.37,-9.85,3.27
93,188,38,16.15707963267949,21.13126800086333,10.482241390103653,3.16,-2.53,1.99
85,93,188,15.948085017929593,16.15707963267949,21.13126800086333,3.86,-1.60,1.95
120,11,146,17.570796326794895,3.55835397504017,18.932153143350472,-24.15,-1.61,1.73
187,110,9,21.0789081233035,17.047197551196597,2.9482025545832684,15.83,-9.01,3.13
87,68,103,15.981308661506603,14.997923866109716,16.68067840827779,-6.36,3.89,1.90
73,100,74,15.400892767899983,16.5235987755983,15.46918894115717,-1.52,4.76,1.69
105,183,152,16.78539816339745,20.86946861306418,19.246312408709453,-8.93,7.06,2.09
170,187,102,20.188790204786393,21.0789081233035,16.62831853071796,-5.52,-0.62,1.43
10,105,110,3.2548490294356114,16.78539816339745,17.047197551196597,-2.97,24.44,1.43
0,196,142,0.05124837953326988,21.550147021341967,18.722713633111155,-5.56,30.70,2.03
185,60,47,20.97418836818384,14.14167955265112,12.205766788797881,1.90,24.50,0.32
124,131,158,17.780235837034216,18.146754979953023,19.56047167406843,-7.02,10.14,2.16
186,19,0,21.02654824574367,5.870393709947933,0.05124837953326988,5.47,-14.56,3.53
15,55,82,4.740468306292527,13.475976088430102,15.86713135486815,-4.44,16.99,2.25
74,61,6,15.46918894115717,14.262834704032542,2.0096658716147076,13.72,-4.71,2.90
2,68,165,0.7158563429488609,14.997923866109716,19.926990816987242,-9.95,25.23,3.75
70,118,123,15.171384800269436,17.466076571675238,17.727875959474385,-3.36,13.65,2.21
89,106,119,15.99792307655433,16.83775804095728,17.518436449235068,-4.17,11.19,2.24
130,55,132,18.094395102393197,13.475976088430102,18.199114857512857,-9.94,5.35,2.26
193,174,195,21.39306738866248,20.39822971502571,21.49778714378214,0.49,10.38,2.02
10,73,55,3.2548490294356114,15.400892767899983,13.475976088430102,-0.04,17.55,1.53
130,95,45,18.094395102393197,16.26179938779915,11.849387132784805,1.35,0.76,2.31
105,94,148,16.78539816339745,16.20943951023932,19.036872898470133,-8.56,8.31,2.77
73,153,74,15.400892767899983,19.298672286269284,15.46918894115717,1.24,7.48,2.15
160,141,156,19.66519142918809,18.670353755551325,19.45575191894877,-6.92,5.84,2.63
44,143,40,11.665447355061374,18.775073510670985,10.891696849574167,6.30,6.76,1.93
137,79,135,18.460914245312004,15.748888346444957,18.356194490192344,-8.48,4.66,2.62
149,129,10,19.089232776029963,18.042035224833366,3.2548490294356114,15.27,-9.28,4.38
7,17,55,2.3255854780996543,5.312047538836488,13.475976088430102,-12.12,3.68,2.90
187,173,26,21.0789081233035,20.34586983746588,7.717841561694776,17.49,15.29,-0.02
45,112,172,11.849387132784805,17.151917306316257,20.293509959906054,-7.32,20.37,3.36
195,153,53,21.49778714378214,19.298672286269284,13.181924696880806,7.31,15.28,1.50
183,117,55,20.86946861306418,17.413716694115408,13.475976088430102,3.79,13.78,2.01
17,176,77,5.312047538836488,20.50294947014537,15.649383319282322,8.05,22.83,1.06
176,199,54,20.50294947014537,21.707226654021458,13.330922899968243,7.95,1.49,2.89
128,2,161,17.989675347273536,0.7158563429488609,19.71755130674792,-28.52,-2.31,2.74
55,70,116,13.475976088430102,15.171384800269436,17.361356816555578,-6.86,8.54,3.70
94,181,130,16.20943951023932,20.764748857944518,18.094395102393197,-8.14,7.16,3.64
80,4,186,15.79244135387939,1.368734320216035,21.02654824574367,-24.49,0.03,3.02
159,7,154,19.61283155162826,2.3255854780996543,19.351032163829114,-26.81,-4.26,1.74
79,102,165,15.748888346444957,16.62831853071796,19.926990816987242,-9.16,9.39,3.84
53,132,36,13.181924696880806,18.199114857512857,10.057903322897012,7.35,4.01,2.53
32,163,17,9.165121159920353,19.822271061867582,5.312047538836488,16.82,5.65,2.05
107,183,110,16.89011791851711,20.86946861306418,17.047197551196597,-0.11,9.23,3.09
67,116,146,14.90507657149427,17.361356816555578,18.932153143350472,-6.74,11.49,3.73
119,128,71,17.518436449235068,17.989675347273536,15.251984879808546,-0.30,4.77,3.14
107,56,120,16.89011791851711,13.617072883547621,17.570796326794895,-8.57,5.58,3.58
153,128,154,19.298672286269284,17.989675347273536,19.351032163829114,-6.13,6.70,3.64
30,77,48,8.696960070847283,15.649383319282322,12.378178619099486,0.97,10.93,2.93
120,4,14,17.570796326794895,1.368734320216035,4.449773801476823,-6.26,-13.62,2.97
10,119,125,3.2548490294356114,17.518436449235068,17.832595714594046,-2.17,24.20,3.61
98,131,101,16.418879020478638,18.146754979953023,16.57595865315813,-0.74,10.66,3.31
109,151,22,16.994837673636766,19.193952531149623,6.682708874626385,13.11,0.07,3.41
17,52,124,5.312047538836488,13.028993171212555,17.780235837034216,-8.15,18.39,4.21
95,71,153,16.26179938779915,15.251984879808546,19.298672286269284,-9.95,10.96,4.09
25,178,16,7.4642593033726214,20.607669225265028,5.0279006281868845,21.24,10.24,1.50
142,197,88,18.722713633111155,21.602506898901797,15.991692468305096,5.34,7.22,3.37
132,117,4,18.199114857512857,17.413716694115408,1.368734320216035,19.16,-8.28,5.74
143,195,149,18.775073510670985,21.49778714378214,19.089232776029963,-6.32,7.23,4.31
7,136,102,2.3255854780996543,18.408554367752174,16.62831853071796,-0.11,25.69,3.23
167,45,163,20.031710572106903,11.849387132784805,19.822271061867582,-14.70,2.76,3.76
140,198,96,18.617993877991495,21.654866776461628,16.31415926535898,-9.40,0.15,3.63
51,7,167,12.87214032778536,2.3255854780996543,20.031710572106903,-26.06,4.47,4.94
197,178,50,21.602506898901797,20.607669225265028,12.711378483641944,9.36,9.45,2.94
9,130,160,2.9482025545832684,18.094395102393197,19.66519142918809,-3.90,30.52,4.17
116,161,93,17.361356816555578,19.71755130674792,16.15707963267949,0.87,8.56,3.89
9,153,98,2.9482025545832684,19.298672286269284,16.418879020478638,1.87,26.92,3.14
130,34,143,18.094395102393197,9.618816884063733,18.775073510670985,-15.29,3.66,4.03
89,88,31,15.99792307655433,15.991692468305096,8.932839602563512,5.97,-0.34,4.32
92,1,74,16.10471975511966,0.385004883279187,15.46918894115717,-20.94,-3.51,3.61
94,93,165,16.20943951023932,16.15707963267949,19.926990816987242,-9.65,9.94,4.92
149,165,137,19.089232776029963,19.926990816987242,18.460914245312004,-3.27,7.12,4.33
58,41,48,13.887353348741506,11.09080298304032,12.378178619099486,-4.33,1.89,4.26
143,29,15,18.775073510670985,8.457501307691139,4.740468306292527,2.21,-11.89,5.18
189,9,188,21.18362787842316,2.9482025545832684,21.13126800086333,-4.73,-14.88,4.21
154,43,101,19.351032163829114,11.477693490231381,16.57595865315813,-10.28,-1.18,4.38
71,116,164,15.251984879808546,17.361356816555578,19.874630939427412,-7.66,10.54,5.12
77,112,5,15.649383319282322,17.151917306316257,1.69070672919662,17.91,-6.69,5.45
11,12,182,3.55835397504017,3.8586926565269692,20.81710873550435,2.64,-3.63,4.56
92,123,1,16.10471975511966,17.727875959474385,0.385004883279187,21.20,-5.31,5.53
124,4,37,17.780235837034216,1.368734320216035,10.271924406583437,-14.13,-8.84,3.50
2,4,163,0.7158563429488609,1.368734320216035,19.822271061867582,-26.71,10.28,6.66
191,73,175,21.28834763354282,15.400892767899983,20.45058959258554,-10.84,26.71,6.82
106,159,26,16.83775804095728,19.61283155162826,7.717841561694776,12.44,1.37,3.94
96,59,163,16.31415926535898,14.016515832834287,19.822271061867582,-11.75,9.83,5.00
158,177,84,19.56047167406843,20.5553093477052,15.925247774155828,4.44,4.59,4.08
147,156,148,18.984513020910303,19.45575191894877,19.036872898470133,-2.78,7.66,4.49
5,54,194,1.69070672919662,13.330922899968243,21.445427266222307,-10.11,19.33,5.32
159,30,123,19.61283155162826,8.696960070847283,17.727875959474385,-15.61,-1.51,3.43
83,24,47,15.89826251769707,7.207196026308502,12.205766788797881,-9.60,-3.42,3.82
2,47,76,0.7158563429488609,12.205766788797881,15.59343906930571,-4.97,18.15,4.61
49,192,188,12.546720267483146,21.34070751110265,21.13126800086333,-5.63,10.64,4.39
104,133,158,16.73303828583762,18.251474735072684,19.56047167406843,-5.44,12.45,4.75
42,14,167,11.28614033248413,4.449773801476823,20.031710572106903,-22.93,8.74,5.74
128,106,191,17.989675347273536,16.83775804095728,21.28834763354282,-9.16,9.36,4.94
0,192,118,0.05124837953326988,21.34070751110265,17.466076571675238,-3.16,23.25,4.83
198,118,68,21.654866776461628,17.466076571675238,14.997923866109716,2.76,25.46,3.60
175,179,119,20.45058959258554,20.66002910282486,17.518436449235068,-0.09,7.53,4.58
163,196,179,19.822271061867582,21.550147021341967,20.66002910282486,-5.91,9.32,5.08
116,66,40,17.361356816555578,14.808160965265309,10.891696849574167,1.24,-1.57,4.77
32,30,14,9.165121159920353,8.696960070847283,4.449773801476823,4.24,-1.20,4.96
155,171,111,19.403392041388944,20.24115008234622,17.099557428756427,1.93,6.29,4.76
179,196,100,20.66002910282486,21.550147021341967,16.5235987755983,2.15,3.00,4.86
16,103,193,5.0279006281868845,16.68067840827779,21.39306738866248,-2.03,19.00,4.74
55,128,81,13.475976088430102,17.989675347273536,15.831856715715055,0.99,12.78,4.56
105,29,37,16.78539816339745,8.457501307691139,10.271924406583437,-4.84,-2.79,4.76
97,86,57,16.366519142918808,15.966772466552335,13.754202220468997,-0.48,3.76,4.93
177,82,154,20.5553093477052,15.86713135486815,19.351032163829114,-10.48,1.80,5.06
106,157,129,16.83775804095728,19.5081117965086,18.042035224833366,-3.24,6.76,5.20
180,41,66,20.712388980384688,11.09080298304032,14.808160965265309,-8.63,-6.37,4.43
52,133,60,13.028993171212555,18.251474735072684,14.14167955265112,2.92,8.11,4.74
90,16,132,16.0,5.0279006281868845,18.199114857512857,-20.05,1.93,5.07
6,114,185,2.0096658716147076,17.256637061435917,20.97418836818384,-3.32,25.38,5.74
47,27,35,12.205766788797881,7.9679225600762535,9.840195070521261,-3.96,4.24,4.87
58,183,110,13.887353348741506,20.86946861306418,17.047197551196597,-13.83,7.54,5.39
142,174,4,18.722713633111155,20.39822971502571,1.368734320216035,24.78,-7.83,6.78
71,72,5,15.251984879808546,15.328489528448422,1.69070672919662,16.09,-8.39,6.83
80,71,179,15.79244135387939,15.251984879808546,20.66002910282486,-12.55,9.57,6.21
117,81,80,17.413716694115408,15.831856715715055,15.79244135387939,-3.79,2.81,5.18
191,175,0,21.28834763354282,20.45058959258554,0.05124837953326988,26.50,-7.41,6.86
46,32,68,12.029498336824524,9.165121159920353,14.997923866109716,-9.02,5.70,5.65
58,26,178,13.887353348741506,7.717841561694776,20.607669225265028,-20.74,8.96,6.37
66,68,54,14.808160965265309,14.997923866109716,13.330922899968243,-1.92,5.30,5.20
103,63,122,16.68067840827779,14.493081667469404,17.675516081914555,-8.27,6.13,5.53
111,93,48,17.099557428756427,16.15707963267949,12.378178619099486,1.14,2.34,5.15
157,31,119,19.5081117965086,8.932839602563512,17.518436449235068,-14.81,-1.92,4.89
112,92,32,17.151917306316257,16.10471975511966,9.165121159920353,5.15,-3.12,5.48
20,23,38,6.144548009571466,6.946672270512806,10.482241390103653,-4.81,7.78,5.14
9,52,122,2.9482025545832684,13.028993171212555,17.675516081914555,-7.76,22.90,6.49
128,176,152,17.989675347273536,20.50294947014537,19.246312408709453,-1.16,12.41,5.37
117,23,2,17.413716694115408,6.946672270512806,0.7158563429488609,6.32,-12.85,7.04
104,136,150,16.73303828583762,18.408554367752174,19.141592653589793,-4.69,10.69,5.84
35,25,128,9.840195070521261,7.4642593033726214,17.989675347273536,-15.64,10.69,6.31
164,26,165,19.874630939427412,7.717841561694776,19.926990816987242,-21.21,-0.63,4.43
175,4,164,20.45058959258554,1.368734320216035,19.874630939427412,-29.54,-5.65,2.63
73,58,24,15.400892767899983,13.887353348741506,7.207196026308502,5.54,-3.92,5.54
21,29,177,6.41532697579035,8.457501307691139,20.5553093477052,-19.14,16.83,7.71
24,26,4,7.207196026308502,7.717841561694776,1.368734320216035,6.88,-1.15,5.73
51,37,38,12.87214032778536,10.271924406583437,10.482241390103653,-2.13,3.62,5.47
25,179,19,7.4642593033726214,20.66002910282486,5.870393709947933,19.89,11.15,3.26
175,88,97,20.45058959258554,15.991692468305096,16.366519142918808,-5.02,-0.25,5.61
20,78,166,6.144548009571466,15.701201093766748,19.979350694547072,-9.96,20.69,6.94
197,55,74,21.602506898901797,13.475976088430102,15.46918894115717,-3.93,16.43,5.58
28,2,76,8.214482356357948,0.7158563429488609,15.59343906930571,-19.64,7.10,5.85
79,182,176,15.748888346444957,20.81710873550435,20.50294947014537,-29.90,3.47,5.34
61,127,91,14.262834704032542,17.937315469713706,16.05235987755983,-0.32,10.62,5.43
82,74,161,15.86713135486815,15.46918894115717,19.71755130674792,-10.57,11.37,6.19
142,97,33,18.722713633111155,16.366519142918808,9.393786300748786,5.38,-3.20,5.80
5,118,75,1.69070672919662,17.466076571675238,15.53337271280406,2.50,24.89,4.80
138,120,157,18.513274122871834,17.570796326794895,19.5081117965086,-6.61,9.01,5.99
39,88,171,10.68883764563985,15.991692468305096,20.24115008234622,-9.96,16.60,6.99
127,56,68,17.937315469713706,13.617072883547621,14.997923866109716,-4.93,1.56,5.62
64,170,79,14.602155455249658,20.188790204786393,15.748888346444957,5.12,10.00,5.32
67,138,11,14.90507657149427,18.513274122871834,3.55835397504017,18.05,-2.40,6.42
6,146,78,2.0096658716147076,18.932153143350472,15.701201093766748,5.35,27.57,4.42
170,10,84,20.188790204786393,3.2548490294356114,15.925247774155828,-19.64,-7.35,4.08
142,196,8,18.722713633111155,21.550147021341967,2.638439589399816,-2.59,-17.23,6.55
71,168,176,15.251984879808546,20.084070449666733,20.50294947014537,-4.28,13.97,6.51
7,112,148,2.3255854780996543,17.151917306316257,19.036872898470133,-6.16,27.49,6.93
117,157,18,17.413716694115408,19.5081117965086,5.5928861093607765,14.80,-2.09,6.41
54,190,53,13.330922899968243,21.23598775598299,13.181924696880806,5.31,7.96,5.72
39,49,184,10.68883764563985,12.546720267483146,20.92182849062401,-2.30,8.27,6.12
111,174,21,17.099557428756427,20.39822971502571,6.41532697579035,17.75,0.27,6.07
36,128,185,10.057903322897012,17.989675347273536,20.97418836818384,14.16,5.90,5.45
93,67,43,16.15707963267949,14.90507657149427,11.477693490231381,1.56,1.78,6.40
131,154,139,18.146754979953023,19.351032163829114,18.565634000431665,-1.95,9.02,6.54
183,83,84,20.86946861306418,15.89826251769707,15.925247774155828,-3.82,3.19,6.38
15,196,88,4.740468306292527,21.550147021341967,15.991692468305096,-2.54,17.99,6.33
134,51,22,18.303834612632514,12.87214032778536,6.682708874626385,5.12,-6.80,7.10
13,89,25,4.155840641977967,15.99792307655433,7.4642593033726214,10.50,9.40,5.45
85,197,176,15.948085017929593,21.602506898901797,20.50294947014537,-10.46,13.36,7.26
115,49,40,17.308996938995747,12.546720267483146,10.891696849574167,-1.16,-0.75,6.42
113,88,22,17.204277183876087,15.991692468305096,6.682708874626385,8.90,-3.20,6.91
79,182,140,15.748888346444957,20.81710873550435,18.617993877991495,-7.45,9.32,6.97
66,146,0,14.808160965265309,18.932153143350472,0.05124837953326988,23.69,-4.76,7.61
163,122,78,19.822271061867582,17.675516081914555,15.701201093766748,-0.34,1.04,6.90
45,36,157,11.849387132784805,10.057903322897012,19.5081117965086,-15.34,10.31,7.97
99,185,71,16.471238898038468,20.97418836818384,15.251984879808546,-9.22,1.89,6.56
17,192,32,5.312047538836488,21.34070751110265,9.165121159920353,-0.57,8.28,6.37
98,131,45,16.418879020478638,18.146754979953023,11.849387132784805,5.97,5.01,6.41
184,186,35,20.92182849062401,21.02654824574367,9.840195070521261,8.34,3.35,6.45
2,104,50,0.7158563429488609,16.73303828583762,12.711378483641944,4.48,20.89,5.69
177,187,95,20.5553093477052,21.0789081233035,16.26179938779915,-3.28,1.61,6.96
92,178,137,16.10471975511966,20.607669225265028,18.460914245312004,0.38,10.59,6.97
87,19,115,15.981308661506603,5.870393709947933,17.308996938995747,-17.57,0.60,6.74
87,57,53,15.981308661506603,13.754202220468997,13.181924696880806,-3.03,1.06,6.87
153,88,183,19.298672286269284,15.991692468305096,20.86946861306418,-0.73,-1.54,6.85
185,175,89,20.97418836818384,20.45058959258554,15.99792307655433,3.92,4.33,6.81
9,153,195,2.9482025545832684,19.298672286269284,21.49778714378214,4.26,25.26,5.89
97,169,70,16.366519142918808,20.136430327226563,15.171384800269436,5.80,10.51,6.43
168,38,198,20.084070449666733,10.482241390103653,21.654866776461628,-9.09,-3.94,6.63
83,144,191,15.89826251769707,18.827433388230816,21.28834763354282,2.60,5.69,6.93
100,142,153,16.5235987755983,18.722713633111155,19.298672286269284,-4.37,9.71,7.43
185,102,189,20.97418836818384,16.62831853071796,21.18362787842316,-7.94,8.16,7.48
145,119,90,18.879793265790646,17.518436449235068,16.0,-1.91,2.51,7.02
144,69,142,18.827433388230816,15.086695589079973,18.722713633111155,-10.01,3.55,7.23
160,97,100,19.66519142918809,16.366519142918808,16.5235987755983,-4.69,1.03,6.97
177,125,83,20.5553093477052,17.832595714594046,15.89826251769707,-1.14,-0.59,6.99
178,150,103,20.607669225265028,19.141592653589793,16.68067840827779,-2.05,0.52,7.12
194,80,59,21.445427266222307,15.79244135387939,14.016515832834287,-2.98,-3.75,7.06
156,126,120,19.45575191894877,17.884955592153876,17.570796326794895,-5.12,1.58,7.33
175,96,148,20.45058959258554,16.31415926535898,19.036872898470133,-9.64,1.43,7.29
117,8,126,17.413716694115408,2.638439589399816,17.884955592153876,-23.49,-4.07,6.07
45,82,134,11.849387132784805,15.86713135486815,18.303834612632514,-7.27,11.73,7.96
66,36,45,14.808160965265309,10.057903322897012,11.849387132784805,-5.12,1.23,6.99
104,43,25,16.73303828583762,11.477693490231381,7.4642593033726214,2.33,-4.81,7.25
55,169,59,13.475976088430102,20.136430327226563,14.016515832834287,7.38,9.84,6.39
123,79,182,17.727875959474385,15.748888346444957,20.81710873550435,-1.51,1.25,7.19
107,139,156,16.89011791851711,18.565634000431665,19.45575191894877,-4.92,9.75,7.51
123,118,135,17.727875959474385,17.466076571675238,18.356194490192344,-5.38,7.17,7.31
97,153,8,16.366519142918808,19.298672286269284,2.638439589399816,18.79,-5.43,8.23
69,134,85,15.086695589079973,18.303834612632514,15.948085017929593,-0.54,7.20,7.33
120,106,14,17.570796326794895,16.83775804095728,4.449773801476823,12.38,-6.49,8.36
80,70,79,15.79244135387939,15.171384800269436,15.748888346444957,-4.02,4.39,7.53
162,175,71,19.76991118430775,20.45058959258554,15.251984879808546,2.30,1.56,7.51
14,144,63,4.449773801476823,18.827433388230816,14.493081667469404,2.90,19.29,6.68
126,43,75,17.884955592153876,11.477693490231381,15.53337271280406,-7.67,0.90,7.23
123,57,111,17.727875959474385,13.754202220468997,17.099557428756427,-8.37,3.76,7.45
18,161,72,5.5928861093607765,19.71755130674792,15.328489528448422,6.17,21.38,6.30
11,166,23,3.55835397504017,19.979350694547072,6.946672270512806,18.08,15.67,4.81
39,74,110,10.68883764563985,15.46918894115717,17.047197551196597,-4.91,16.59,7.76
2,122,145,0.7158563429488609,17.675516081914555,18.879793265790646,-3.66,27.28,8.46
122,36,33,17.675516081914555,10.057903322897012,9.393786300748786,-1.99,-4.41,7.66
147,134,78,18.984513020910303,18.303834612632514,15.701201093766748,0.93,3.07,7.79
111,9,13,17.099557428756427,2.9482025545832684,4.155840641977967,-3.73,-13.17,7.96
37,17,13,10.271924406583437,5.312047538836488,4.155840641977967,0.64,-4.65,7.83
150,3,69,19.141592653589793,1.0437752261748656,15.086695589079973,-21.37,-8.01,5.96
87,91,149,15.981308661506603,16.05235987755983,19.089232776029963,-8.83,7.74,8.17
55,5,29,13.475976088430102,1.69070672919662,8.457501307691139,-11.18,-6.79,6.86
68,29,52,14.997923866109716,8.457501307691139,13.028993171212555,-8.51,-0.36,7.49
11,50,170,3.55835397504017,12.711378483641944,20.188790204786393,-13.03,22.08,10.14
45,191,90,11.849387132784805,21.28834763354282,16.0,-6.67,12.18,7.92
174,164,17,20.39822971502571,19.874630939427412,5.312047538836488,18.00,-7.17,8.59
158,153,16,19.56047167406843,19.298672286269284,5.0279006281868845,17.23,-7.13,8.57
174,183,116,20.39822971502571,20.86946861306418,17.361356816555578,-0.02,3.00,7.82
7,8,94,2.3255854780996543,2.638439589399816,16.20943951023932,-18.88,4.18,7.97
56,63,90,13.617072883547621,14.493081667469404,16.0,-5.09,9.24,7.90
49,95,82,12.546720267483146,16.26179938779915,15.86713135486815,-1.82,10.78,7.74
106,49,23,16.83775804095728,12.546720267483146,6.946672270512806,4.83,-4.72,7.95
49,53,164,12.546720267483146,13.181924696880806,19.874630939427412,-12.45,12.20,8.89
139,64,2,18.565634000431665,14.602155455249658,0.7158563429488609,15.13,-12.19,9.83
73,43,111,15.400892767899983,11.477693490231381,17.099557428756427,-10.44,4.18,8.14
59,147,169,14.016515832834287,18.984513020910303,20.136430327226563,-6.97,12.95,8.53
176,152,33,20.50294947014537,19.246312408709453,9.393786300748786,8.12,-5.58,8.15
4,148,89,1.368734320216035,19.036872898470133,15.99792307655433,0.86,15.36,7.55
65,110,102,14.707184626965642,17.047197551196597,16.62831853071796,-3.18,10.35,7.81
197,66,22,21.602506898901797,14.808160965265309,6.682708874626385,7.81,0.05,7.87
83,128,180,15.89826251769707,17.989675347273536,20.712388980384688,-9.26,13.88,8.85
45,95,117,11.849387132784805,16.26179938779915,17.413716694115408,-5.27,12.63,8.27
49,19,126,12.546720267483146,5.870393709947933,17.884955592153876,-17.61,6.92,8.27
129,178,136,18.042035224833366,20.607669225265028,18.408554367752174,0.40,10.52,7.86
183,174,48,20.86946861306418,20.39822971502571,12.378178619099486,8.70,4.38,7.48
38,106,113,10.482241390103653,16.83775804095728,17.204277183876087,-3.10,14.06,8.14
92,91,19,16.10471975511966,16.05235987755983,5.870393709947933,10.49,-2.08,8.34
190,16,148,21.23598775598299,5.0279006281868845,19.036872898470133,-21.53,3.75,8.22
163,117,17,19.822271061867582,17.413716694115408,5.312047538836488,12.85,-8.46,9.03
141,48,98,18.670353755551325,12.378178619099486,16.418879020478638,-8.77,-0.32,8.17
186,22,7,21.02654824574367,6.682708874626385,2.3255854780996543,2.92,-15.63,9.50
25,94,24,7.4642593033726214,16.20943951023932,7.207196026308502,10.53,5.70,7.47
147,83,18,18.984513020910303,15.89826251769707,5.5928861093607765,9.51,-7.20,9.03
47,90,38,12.205766788797881,16.0,10.482241390103653,5.05,4.35,7.98
164,95,141,19.874630939427412,16.26179938779915,18.670353755551325,-7.94,3.43,8.31
77,117,32,15.649383319282322,17.413716694115408,9.165121159920353,7.60,-0.17,8.07
15,10,125,4.740468306292527,3.2548490294356114,17.832595714594046,-20.99,7.59,9.00
185,114,171,20.97418836818384,17.256637061435917,20.24115008234622,-7.47,23.59,10.08
106,53,40,16.83775804095728,13.181924696880806,10.891696849574167,-0.20,0.32,8.03
198,44,9,21.654866776461628,11.665447355061374,2.9482025545832684,9.24,-7.77,9.28
105,123,177,16.78539816339745,17.727875959474385,20.5553093477052,-7.99,12.26,9.12
80,180,168,15.79244135387939,20.712388980384688,20.084070449666733,-2.03,15.40,8.75
158,70,196,19.56047167406843,15.171384800269436,21.550147021341967,-12.20,4.76,8.25
151,143,66,19.193952531149623,18.775073510670985,14.808160965265309,2.50,1.86,8.12
38,173,131,10.482241390103653,20.34586983746588,18.146754979953023,1.42,17.93,8.19
52,34,181,13.028993171212555,9.618816884063733,20.764748857944518,-13.47,9.17,8.84
62,98,1,14.37997179924686,16.418879020478638,0.385004883279187,18.95,-4.23,9.28
139,198,111,18.565634000431665,21.654866776461628,17.099557428756427,-4.61,4.24,8.73
84,73,58,15.925247774155828,15.400892767899983,13.887353348741506,-2.39,3.09,8.56
116,143,78,17.361356816555578,18.775073510670985,15.701201093766748,1.96,5.42,8.52
74,37,29,15.46918894115717,10.271924406583437,8.457501307691139,-0.26,-3.81,8.75
15,171,67,4.740468306292527,20.24115008234622,14.90507657149427,7.70,21.20,7.29
157,135,55,19.5081117965086,18.356194490192344,13.475976088430102,3.00,0.96,8.74
92,148,104,16.10471975511966,19.036872898470133,16.73303828583762,0.52,7.65,8.78
91,164,78,16.05235987755983,19.874630939427412,15.701201093766748,3.93,7.12,8.54
108,55,67,16.942477796076936,13.475976088430102,14.90507657149427,-4.82,1.61,8.86
73,25,1,15.400892767899983,7.4642593033726214,0.385004883279187,7.09,-12.85,10.49
26,165,87,7.717841561694776,19.926990816987242,15.981308661506603,5.00,19.22,8.15
99,124,116,16.471238898038468,17.780235837034216,17.361356816555578,-2.35,10.13,8.95
149,10,53,19.089232776029963,3.2548490294356114,13.181924696880806,-16.29,-7.56,7.35
123,58,153,17.727875959474385,13.887353348741506,19.298672286269284,-12.20,4.77,9.15
2,155,159,0.7158563429488609,19.403392041388944,19.61283155162826,-4.45,23.25,10.01
106,87,157,16.83775804095728,15.981308661506603,19.5081117965086,-9.83,10.35,9.21
3,82,184,1.0437752261748656,15.86713135486815,20.92182849062401,-9.23,21.08,10.30
87,10,42,15.981308661506603,3.2548490294356114,11.28614033248413,-13.05,-3.39,7.80
170,161,186,20.188790204786393,19.71755130674792,21.02654824574367,8.41,-1.74,8.93
101,148,97,16.57595865315813,19.036872898470133,16.366519142918808,0.82,6.12,9.01
75,41,118,15.53337271280406,11.09080298304032,17.466076571675238,-11.39,3.99,9.33
180,176,15,20.712388980384688,20.50294947014537,4.740468306292527,19.42,-8.26,10.22
33,154,194,9.393786300748786,19.351032163829114,21.445427266222307,18.55,2.44,8.34
155,170,92,19.403392041388944,20.188790204786393,16.10471975511966,3.91,4.63,9.16
122,53,101,17.675516081914555,13.181924696880806,16.57595865315813,-7.82,2.01,9.39
123,178,90,17.727875959474385,20.607669225265028,16.0,4.13,6.44,9.06
20,42,67,6.144548009571466,11.28614033248413,14.90507657149427,-5.77,9.96,9.46
152,190,182,19.246312408709453,21.23598775598299,20.81710873550435,-7.64,-2.32,8.97
75,59,92,15.53337271280406,14.016515832834287,16.10471975511966,-6.38,4.01,9.45
172,42,11,20.293509959906054,11.28614033248413,3.55835397504017,6.97,-15.17,11.22
62,194,116,14.37997179924686,21.445427266222307,17.361356816555578,-10.94,5.39,9.94
75,124,184,15.53337271280406,17.780235837034216,20.92182849062401,-2.85,8.46,9.57
106,179,173,16.83775804095728,20.66002910282486,20.34586983746588,-2.82,13.02,9.74
7,66,66,2.3255854780996543,14.808160965265309,14.808160965265309,-2.25,12.27,9.27
142,177,81,18.722713633111155,20.5553093477052,15.831856715715055,5.11,6.20,9.10
174,134,186,20.39822971502571,18.303834612632514,21.02654824574367,0.27,0.33,9.47
117,92,98,17.413716694115408,16.10471975511966,16.418879020478638,-4.29,2.61,9.58
148,57,153,19.036872898470133,13.754202220468997,19.298672286269284,-12.16,2.85,9.61
20,14,20,6.144548009571466,4.449773801476823,6.144548009571466,-3.85,-3.41,9.35
11,5,130,3.55835397504017,1.69070672919662,18.094395102393197,-23.00,7.68,10.34
89,178,103,15.99792307655433,20.607669225265028,16.68067840827779,3.28,12.04,9.10
117,15,55,17.413716694115408,4.740468306292527,13.475976088430102,-13.96,-3.39,8.72
160,105,53,19.66519142918809,16.78539816339745,13.181924696880806,0.59,-1.56,9.41
154,11,139,19.351032163829114,3.55835397504017,18.565634000431665,-23.44,-3.34,8.55
169,31,104,20.136430327226563,8.932839602563512,16.73303828583762,-14.44,-3.86,8.75
134,86,35,18.303834612632514,15.966772466552335,9.840195070521261,3.74,-4.68,9.40
16,45,165,5.0279006281868845,11.849387132784805,19.926990816987242,-13.93,15.16,10.97
127,76,134,17.937315469713706,15.59343906930571,18.303834612632514,-8.78,5.78,9.44
0,179,2,0.05124837953326988,20.66002910282486,0.7158563429488609,26.67,3.55,7.78
159,51,70,19.61283155162826,12.87214032778536,15.171384800269436,-6.18,-1.96,9.36
145,153,147,18.879793265790646,19.298672286269284,18.984513020910303,-3.44,6.87,9.62
51,118,13,12.87214032778536,17.466076571675238,4.155840641977967,15.16,-1.35,9.68
83,161,130,15.89826251769707,19.71755130674792,18.094395102393197,0.03,11.80,9.59
20,65,179,6.144548009571466,14.707184626965642,20.66002910282486,-12.21,20.51,11.21
141,75,167,18.670353755551325,15.53337271280406,20.031710572106903,-11.69,6.88,9.69
43,147,57,11.477693490231381,18.984513020910303,13.754202220468997,4.97,11.76,9.06
20,196,16,6.144548009571466,21.550147021341967,5.0279006281868845,18.19,10.91,7.75
146,87,47,18.932153143350472,15.981308661506603,12.205766788797881,1.05,-1.55,10.10
1,169,43,0.385004883279187,20.136430327226563,11.477693490231381,11.92,19.49,7.88
32,178,147,9.165121159920353,20.607669225265028,18.984513020910303,1.70,24.98,9.78
146,35,64,18.932153143350472,9.840195070521261,14.602155455249658,-9.33,-3.05,9.48
47,52,109,12.205766788797881,13.028993171212555,16.994837673636766,-8.09,8.76,10.52
95,27,102,16.26179938779915,7.9679225600762535,16.62831853071796,-14.35,2.19,9.72
21,113,90,6.41532697579035,17.204277183876087,16.0,-0.39,18.66,10.18
17,36,123,5.312047538836488,10.057903322897012,17.727875959474385,-11.59,16.67,11.06
186,17,51,21.02654824574367,5.312047538836488,12.87214032778536,-10.97,9.81,10.29
40,127,31,10.891696849574167,17.937315469713706,8.932839602563512,10.72,9.41,9.11
86,117,25,15.966772466552335,17.413716694115408,7.4642593033726214,11.07,1.41,9.89
47,118,38,12.205766788797881,17.466076571675238,10.482241390103653,8.17,6.08,9.70
29,25,199,8.457501307691139,7.4642593033726214,21.707226654021458,-4.09,6.02,10.17
71,89,54,15.251984879808546,15.99792307655433,13.330922899968243,0.84,6.67,10.21
80,151,132,15.79244135387939,19.193952531149623,18.199114857512857,-1.00,13.58,10.58
173,139,19,20.34586983746588,18.565634000431665,5.870393709947933,14.07,-8.26,11.52
10,190,142,3.2548490294356114,21.23598775598299,18.722713633111155,-2.69,17.29,11.04
62,147,54,14.37997179924686,18.984513020910303,13.330922899968243,5.46,9.73,10.01
184,117,97,20.92182849062401,17.413716694115408,16.366519142918808,-1.28,10.93,10.56
117,66,36,17.413716694115408,14.808160965265309,10.057903322897012,2.30,-1.47,10.67
15,147,8,4.740468306292527,18.984513020910303,2.638439589399816,21.15,3.18,9.68
117,65,61,17.413716694115408,14.707184626965642,14.262834704032542,-3.12,2.50,10.85
40,170,100,10.891696849574167,20.188790204786393,16.5235987755983,3.77,15.67,10.48
100,134,35,16.5235987755983,18.303834612632514,9.840195070521261,8.56,2.63,10.55
85,77,30,15.948085017929593,15.649383319282322,8.696960070847283,5.67,-0.20,10.91
181,179,23,20.764748857944518,20.66002910282486,6.946672270512806,17.58,1.93,10.22
92,162,83,16.10471975511966,19.76991118430775,15.89826251769707,4.32,9.35,10.71
138,188,118,18.513274122871834,21.13126800086333,17.466076571675238,0.91,7.76,11.04
175,156,166,20.45058959258554,19.45575191894877,19.979350694547072,-4.57,6.44,11.30
128,4,31,17.989675347273536,1.368734320216035,8.932839602563512,-12.67,-11.91,9.88
135,187,158,18.356194490192344,21.0789081233035,19.56047167406843,-27.74,-3.16,9.88
94,163,192,16.20943951023932,19.822271061867582,21.34070751110265,-3.23,10.45,11.34
109,150,62,16.994837673636766,19.141592653589793,14.37997179924686,1.70,3.37,10.77
149,173,7,19.089232776029963,20.34586983746588,2.3255854780996543,20.68,-9.48,12.39
108,67,78,16.942477796076936,14.90507657149427,15.701201093766748,-4.46,1.60,11.30
189,194,146,21.18362787842316,21.445427266222307,18.932153143350472,-10.22,5.26,11.43
91,86,180,16.05235987755983,15.966772466552335,20.712388980384688,-12.47,8.49,11.90
128,34,70,17.989675347273536,9.618816884063733,15.171384800269436,-10.16,-2.23,10.61
60,35,185,14.14167955265112,9.840195070521261,20.97418836818384,-9.62,2.27,10.92
69,95,87,15.086695589079973,16.26179938779915,15.981308661506603,-2.90,6.15,11.09
26,155,31,7.717841561694776,19.403392041388944,8.932839602563512,12.93,8.42,9.78
66,10,160,14.808160965265309,3.2548490294356114,19.66519142918809,-24.67,4.81,10.96
31,198,93,8.932839602563512,21.654866776461628,16.15707963267949,-18.86,4.83,10.95
79,90,92,15.748888346444957,16.0,16.10471975511966,-3.84,7.78,11.05
181,99,127,20.764748857944518,16.471238898038468,17.937315469713706,-5.53,9.70,11.29
39,42,181,10.68883764563985,11.28614033248413,20.764748857944518,-11.04,10.59,11.63
92,97,77,16.10471975511966,16.366519142918808,15.649383319282322,-1.83,6.34,10.92
58,41,171,13.887353348741506,11.09080298304032,20.24115008234622,-15.97,10.07,11.85
110,92,40,17.047197551196597,16.10471975511966,10.891696849574167,3.08,0.84,10.89
167,99,8,20.031710572106903,16.471238898038468,2.638439589399816,15.17,-12.13,13.03
19,10,168,5.870393709947933,3.2548490294356114,20.084070449666733,-25.40,6.04,12.08
56,158,187,13.617072883547621,19.56047167406843,21.0789081233035,-5.90,14.32,11.84
133,68,137,18.251474735072684,14.997923866109716,18.460914245312004,-9.49,4.66,10.86
32,56,12,9.165121159920353,13.617072883547621,3.8586926565269692,10.28,-2.38,11.43
128,123,134,17.989675347273536,17.727875959474385,18.303834612632514,-4.47,7.20,11.36
78,15,38,15.701201093766748,4.740468306292527,10.482241390103653,-10.22,-4.69,10.50
55,2,93,13.475976088430102,0.7158563429488609,16.15707963267949,-22.39,-1.28,10.51
108,65,1,16.942477796076936,14.707184626965642,0.385004883279187,16.06,-10.11,12.46
1,166,6,0.385004883279187,19.979350694547072,2.0096658716147076,24.55,-0.13,10.12
158,52,180,19.56047167406843,13.028993171212555,20.712388980384688,-15.40,4.36,11.22
113,163,136,17.204277183876087,19.822271061867582,18.408554367752174,-1.28,8.82,11.23
34,42,78,9.618816884063733,11.28614033248413,15.701201093766748,-7.16,8.07,11.29
60,120,90,14.14167955265112,17.570796326794895,16.0,-0.76,9.85,11.13
176,26,103,20.50294947014537,7.717841561694776,16.68067840827779,-15.49,-5.26,9.79
21,69,169,6.41532697579035,15.086695589079973,20.136430327226563,-11.65,13.19,12.56
14,199,3,4.449773801476823,21.707226654021458,1.0437752261748656,15.75,-2.22,11.64
94,38,160,16.20943951023932,10.482241390103653,19.66519142918809,-16.14,6.88,11.51
0,151,189,0.05124837953326988,19.193952531149623,21.18362787842316,-5.56,18.68,12.28
11,43,63,3.55835397504017,11.477693490231381,14.493081667469404,-5.57,10.26,11.37
7,157,105,2.3255854780996543,19.5081117965086,16.78539816339745,2.52,19.04,11.13
40,17,190,10.891696849574167,5.312047538836488,21.23598775598299,-16.49,7.93,11.49
172,144,175,20.293509959906054,18.827433388230816,20.45058959258554,-7.03,7.21,11.64
141,116,110,18.670353755551325,17.361356816555578,17.047197551196597,-3.71,3.77,11.36
31,149,101,8.932839602563512,19.089232776029963,16.57595865315813,1.41,15.35,11.39
100,160,161,16.5235987755983,19.66519142918809,19.71755130674792,-3.16,13.59,11.87
1,160,147,0.385004883279187,19.66519142918809,18.984513020910303,-1.47,19.75,12.14
1,11,11,0.385004883279187,3.55835397504017,3.55835397504017,-0.90,-3.47,11.66
42,152,42,11.28614033248413,19.246312408709453,11.28614033248413,9.61,10.50,10.71
16,120,164,5.0279006281868845,17.570796326794895,19.874630939427412,-6.17,20.81,12.90
111,181,105,17.099557428756427,20.764748857944518,16.78539816339745,-2.23,8.43,11.79
94,44,151,16.20943951023932,11.665447355061374,19.193952531149623,-13.35,7.94,12.14
187,11,191,21.0789081233035,3.55835397504017,21.28834763354282,-23.50,3.13,11.39
94,114,19,16.20943951023932,17.256637061435917,5.870393709947933,12.59,-1.41,11.68
177,175,77,20.5553093477052,20.45058959258554,15.649383319282322,5.34,1.70,11.82
0,186,14,0.05124837953326988,21.02654824574367,4.449773801476823,21.08,3.57,10.54
81,122,172,15.831856715715055,17.675516081914555,20.293509959906054,-7.69,13.97,12.70
69,197,50,15.086695589079973,21.602506898901797,12.711378483641944,3.39,6.80,11.72
16,45,22,5.0279006281868845,11.849387132784805,6.682708874626385,5.41,2.99,11.85
94,63,131,16.20943951023932,14.493081667469404,18.146754979953023,-8.70,8.32,12.39
150,134,4,19.141592653589793,18.303834612632514,1.368734320216035,-8.70,8.32,12.39
78,167,2,15.701201093766748,20.031710572106903,0.7158563429488609,-8.70,8.32,12.39
30,123,76,8.696960070847283,17.727875959474385,15.59343906930571,-8.70,8.32,12.39
16,25,150,5.0279006281868845,7.4642593033726214,19.141592653589793,-8.70,8.32,12.39
37,186,197,10.271924406583437,21.02654824574367,21.602506898901797,-8.70,8.32,12.39
143,154,194,18.775073510670985,19.351032163829114,21.445427266222307,-8.70,8.32,12.39
149,48,125,19.089232776029963,12.378178619099486,17.832595714594046,-8.70,8.32,12.39
120,44,110,17.570796326794895,11.665447355061374,17.047197551196597,-8.70,8.32,12.39
6,132,111,2.0096658716147076,18.199114857512857,17.099557428756427,-8.70,8.32,12.39
47,143,109,12.205766788797881,18.775073510670985,16.994837673636766,-8.70,8.32,12.39
82,82,146,15.86713135486815,15.86713135486815,18.932153143350472,-8.70,8.32,12.39
25,190,58,7.4642593033726214,21.23598775598299,13.887353348741506,-8.70,8.32,12.39
128,158,70,17.989675347273536,19.56047167406843,15.171384800269436,-8.70,8.32,12.39
98,161,42,16.418879020478638,19.71755130674792,11.28614033248413,-8.70,8.32,12.39
154,112,51,19.351032163829114,17.151917306316257,12.87214032778536,-8.70,8.32,12.39
97,155,175,16.366519142918808,19.403392041388944,20.45058959258554,-8.70,8.32,12.39
98,123,116,16.418879020478638,17.727875959474385,17.361356816555578,-8.70,8.32,12.39
194,161,67,21.445427266222307,19.71755130674792,14.90507657149427,-8.70,8.32,12.39
56,183,0,13.617072883547621,20.86946861306418,0.05124837953326988,-8.70,8.32,12.39
84,113,140,15.925247774155828,17.204277183876087,18.617993877991495,-8.70,8.32,12.39
57,165,150,13.754202220468997,19.926990816987242,19.141592653589793,-8.70,8.32,12.39
153,180,43,19.298672286269284,20.712388980384688,11.477693490231381,-8.70,8.32,12.39
72,21,34,15.328489528448422,6.41532697579035,9.618816884063733,-8.70,8.32,12.39
153,108,32,19.298672286269284,16.942477796076936,9.165121159920353,-8.70,8.32,12.39
172,33,11,20.293509959906054,9.393786300748786,3.55835397504017,-8.70,8.32,12.39
167,84,96,20.031710572106903,15.925247774155828,16.31415926535898,-8.70,8.32,12.39
46,22,90,12.029498336824524,6.682708874626385,16.0,-8.70,8.32,12.39
197,139,86,21.602506898901797,18.565634000431665,15.966772466552335,-8.70,8.32,12.39
91,62,169,16.05235987755983,14.37997179924686,20.136430327226563,-8.70,8.32,12.39
58,47,178,13.887353348741506,12.205766788797881,20.607669225265028,-8.70,8.32,12.39
0,153,89,0.05124837953326988,19.298672286269284,15.99792307655433,-8.70,8.32,12.39
193,27,128,21.39306738866248,7.9679225600762535,17.989675347273536,-8.70,8.32,12.39
146,143,130,18.932153143350472,18.775073510670985,18.094395102393197,-8.70,8.32,12.39
59,13,1,14.016515832834287,4.155840641977967,0.385004883279187,-8.70,8.32,12.39
141,187,146,18.670353755551325,21.0789081233035,18.932153143350472,-8.70,8.32,12.39
54,141,13,13.330922899968243,18.670353755551325,4.155840641977967,-8.70,8.32,12.39
33,82,133,9.393786300748786,15.86713135486815,18.251474735072684,-8.70,8.32,12.39
30,22,30,8.696960070847283,6.682708874626385,8.696960070847283,-8.70,8.32,12.39
42,78,110,11.28614033248413,15.701201093766748,17.047197551196597,-8.70,8.32,12.39
194,73,103,21.445427266222307,15.400892767899983,16.68067840827779,-8.70,8.32,12.39
28,175,4,8.214482356357948,20.45058959258554,1.368734320216035,-8.70,8.32,12.39
26,171,38,7.717841561694776,20.24115008234622,10.482241390103653,-8.70,8.32,12.39
16,178,154,5.0279006281868845,20.607669225265028,19.351032163829114,-8.70,8.32,12.39
39,190,26,10.68883764563985,21.23598775598299,7.717841561694776,-8.70,8.32,12.39
111,4,123,17.099557428756427,1.368734320216035,17.727875959474385,-8.70,8.32,12.39
91,40,153,16.05235987755983,10.891696849574167,19.298672286269284,-8.70,8.32,12.39
64,43,47,14.602155455249658,11.477693490231381,12.205766788797881,-8.70,8.32,12.39
55,116,87,13.475976088430102,17.361356816555578,15.981308661506603,-8.70,8.32,12.39
104,12,80,16.73303828583762,3.8586926565269692,15.79244135387939,-8.70,8.32,12.39
41,30,46,11.09080298304032,8.696960070847283,12.029498336824524,-8.70,8.32,12.39
121,177,103,17.62315620435473,20.5553093477052,16.68067840827779,-8.70,8.32,12.39
173,179,164,20.34586983746588,20.66002910282486,19.874630939427412,-8.70,8.32,12.39
31,92,198,8.932839602563512,16.10471975511966,21.654866776461628,-8.70,8.32,12.39
13,20,29,4.155840641977967,6.144548009571466,8.457501307691139,-8.70,8.32,12.39
189,147,49,21.18362787842316,18.984513020910303,12.546720267483146,-8.70,8.32,12.39
42,195,29,11.28614033248413,21.49778714378214,8.457501307691139,-8.70,8.32,12.39
77,62,39,15.649383319282322,14.37997179924686,10.68883764563985,-8.70,8.32,12.39
